<?xml version="1.0" encoding="utf-8" ?><dwsync><file name="fb.png" server="files.000webhost.com/public_html/" local="3654782544" remote="3655432440" Dst="-1" /><file name="GMAIL.png" server="files.000webhost.com/public_html/" local="3654782518" remote="3655432440" Dst="-1" /><file name="home-banner.jpg" server="files.000webhost.com/public_html/" local="3649433390" remote="3655432440" Dst="-1" /><file name="ig.png" server="files.000webhost.com/public_html/" local="3654782500" remote="3655432440" Dst="-1" /><file name="wa.png" server="files.000webhost.com/public_html/" local="3654782531" remote="3655432440" Dst="-1" /><file name="icon.png" server="files.000webhost.com/public_html/" local="3653353830" remote="3655432440" Dst="-1" /><file name="logo.png" server="files.000webhost.com/public_html/" local="3653353743" remote="3655432440" Dst="-1" /><file name="WA.png" server="files.000webhost.com/public_html/" local="3654782531" remote="3655416120" Dst="-1" /><file name="FB.png" server="files.000webhost.com/public_html/" local="3654782544" remote="3655416120" Dst="-1" /><file name="IG.png" server="files.000webhost.com/public_html/" local="3654782500" remote="3655416120" Dst="-1" /></dwsync>